{
  "project_info": {
    "project_number": "522362672835",
    "project_id": "device-streaming-b4c028d6",
    "storage_bucket": "device-streaming-b4c028d6.firebasestorage.app"
  },
  "client": [
    {
      "client_info": {
        "mobilesdk_app_id": "1:522362672835:android:bc9fb93f47ca7053563476",
        "android_client_info": {
          "package_name": "com.example.memematch"
        }
      },
      "oauth_client": [],
      "api_key": [
        {
          "current_key": "AIzaSyD4NUx2ZW7YaM7mb2TERxLnvkDARYAg2SI"
        }
      ],
      "services": {
        "appinvite_service": {
          "other_platform_oauth_client": []
        }
      }
    }
  ],
  "configuration_version": "1"
}